symbol,name,price,eps,roe,roa,pat,score
ITANZ,Itanz Technologies Limited,0.06,6.98,19.139608385897695,21.824919421206328,68674.12700000001,6
ZHCM,Zahur Cotton Mills Limited,0.06,6.98,19.139608385897695,21.824919421206328,68674.12700000001,6
ICIBL,Invest Capital Investment Bank Limited,6.37,0.414,17.82244589947722,8.111307052057217,118005.77900000002,6
SHNI,Shaheen Insurance Company Limited,8.95,2.14,14.027754990028523,6.264860567717996,149111.34400000004,6
TSMF,Tri-Star Mutual Fund Limited,12.5,8.74,40.64295565370543,31.223207455526808,38665.494999999995,6
ALTN,Altern Energy Limited,13.46,15.930000000000001,148.54618896976456,137.59044311554072,5786902,6
786,786 Investments Limited,13.9,2.37,13.032925663581452,11.835130104334274,35418.22600000001,6
IMS,Intermarket Securities Limited,13.93,1.0799999999999996,13.149367372831211,5.872002936053432,197432.02600000016,6
DEL,Dawood Equities Limited,14.07,1.8400000000000003,14.049794626402216,7.562721181075004,50569.61799999999,6
SYM,Symmetry Group Limited,14.7,0.54,15.854997225103826,12.808618745054137,149064.83399999997,6
ORM,Orient Rental Mod,14.91,2.8499999999999996,14.646511699417342,8.447438338227878,213990.503,6
ASIC,Asia Insurance Company Limited,15.44,2.06,13.578731621784062,5.702295065983877,150304.53399999996,6
HUMNL,Hum Network Limited,16.04,1.85,17.907389675702206,17.341730051003058,2102986.6380000003,6
UNIC,The United Insurance Company,16.35,5.920000000000001,32.75943251150073,12.089789047818487,1992049.3190000008,6
RICL,Reliance Insurance Company Limited,16.7,3.92,14.10547646587467,7.480990207668182,243092.65100000007,6
AHCL,Arif Habib Corporation Limited,16.72,5.639999999999999,48.15878863345937,48.09071445300072,23775344.359,6
TCORP,Tariq Corporation Limited,18.43,9.889999999999999,13.975292252662303,6.6058035748861545,528159.1050000004,6
KOHE,Kohinoor Energy Limited,19.01,3.98,18.836058774351166,10.680123982746688,724351,6
GRR,Globe Residency REIT,19.37,5.790000000000001,47.304177256252814,14.956718310025444,810769,6
LOADS,Loads Limited,19.53,1.97,12.034235676985496,6.785640611791988,495221.51300000004,6
FFL,Fauji Foods Limited,21.75,0.44000000000000006,10.901938337267035,6.227102551688582,1128586.2559999994,6
PIM,Popular Islamic Modaraba,22.58,1.9100000000000001,14.842142687911593,12.69833415761912,31270.617,6
REDCO,Redco Textiles Limited,25.27,5.0516000000000005,21.996435685530876,6.405629204320753,249215.77200000008,6
JUBS,Jubilee Spinning & Weaving Mills Ltd.,26.47,4.24,41.30938645594359,11.471866987880063,137622.75799999997,6
IMAGE,Image Pakistan Limited,28.28,2.21,10.854995621948218,8.397387609389876,436213.4269999999,6
DCR,Dolmen City REIT,31.83,3.5999999999999996,10.432746856395086,10.149048281828394,7991911,6
GCIL,Ghani Chemical Industries Limited,32.08,2.69,16.087364127173707,8.321904258916948,1347231,6
JSIL,JS Investments Limited,32.66,7.35,19.78247267242651,14.323938213428924,454045.30999999994,6
AKDSL,AKD Securities Limited,35.51,5.660000000000001,27.204578902372546,15.627045498152222,3156335.623999999,6
CYAN,Cyan Limited,38.48,8.670000000000002,30.468662044072186,26.145980712126153,533144,6
DOL,Descon Oxychem Limited,38.68,4.51,24.16022651005429,17.287566527329208,790159,6
PSX,Pakistan Stock Exchange Limited,40.24,1.9,12.970865128870908,10.454612756553914,1520908,6
ZAL,Zarea Limited,40.42,2.13,32.592783200815056,49.064943298201726,671051.023,6
SMCPL,Safe Mix Concrete Limited,41.82,4.11,26.65733925578499,11.74866410494246,102713.64100000006,6
PICT,Pakistan International Container,42.02,3.7800000000000002,27.920893412420117,8.647339424527566,413576,6
CLOV,Clover Pakistan Limited,44.1,6.51,51.63179353639825,53.60685597750779,253398,6
GHGL,Ghani Glass Limited,44.85,5.9,15.803231976252405,11.750307664470249,5902283.009999995,6
BFAGRO,Barkat Frisian Agro Limited,45.03,4.83,28.772130240881815,30.911106045728115,844761.0260000003,6
AGIC,Askari General Insurance Company Limited,46.85,9.5,21.418537716644657,6.89551674385697,682328,6
CENI,Century Insurance Company Limited,49.11,9.85,17.25200908190515,8.43160895764134,544990.238,6
EWIC,East West Insurance Company Limited,52.08,4.46,20.939651357880628,9.20516806140268,1091949.489,6
BBFL,Big Bird Foods Limited,54.01,3.9,15.543386053720315,10.478243868517028,1166597.8500000013,6
FCCL,Fauji Cement Company Limited,60.82,4.83,15.813282120245384,8.285110619191592,13326202,6
GVGL,Ghani Value Glass Limited,65.1,7.230000000000001,24.978056474056235,17.66823966140797,1084640.3850000007,6
SPEL,SPEL Limited,65.52,6.22,20.50981593962472,15.183981195565114,1253121.4919999999,6
SARC,Sardar Chemical Industries Limited,66.08,7.6000000000000005,13.986106579523709,10.41197174015116,45603.95800000005,6
ECOP,Ecopack Limited,67.62,7.040000000000001,23.688998250371185,10.987676853535955,339840,6
THCCL,Thatta Cement Company Limited,74.48,30.179999999999996,38.16677915535995,26.868718333855135,2556583,6
TRG,TRG Pakistan Limited,75.3,7.1899999999999995,10.450501982886465,9.050432238786927,3923985,6
JGICL,Jubilee General Insurance Limited,81.01,22.009999999999998,23.029787026834406,7.314530897741806,4370058,6
FCEPL,Frieslandcampina Engro Pakistan Limited,88.71,2.95,14.507467801689852,5.364553108315072,2267260,6
ATIL,Atlas Insurance Limited,92,12.13,21.059130891387397,8.93341355181184,1811959,6
UDPL,United Distributors Pakistan Limited,97.7,25.160000000000004,54.44120013379015,34.30279229394614,903351,6
SGF,Service GlobalFootwear Limited,98.02,8.540000000000001,23.2792581403777,9.023285747379282,1760019,6
CPHL,Citi Pharma Ltd.,99.96,3.9,16.016576129685664,7.135019612198636,892038.9340000001,6
ICL,Ittehad Chemicals Limted,103.01,12.98,13.155069351161488,7.132617684144055,1297806,6
CSAP,Crescent Steel & Allied Products Limited,104.93,17.3,15.062922014827674,10.595516708313596,1343279,6
FECTC,Fecto Cement Limited,106.1,11.360000000000001,13.85513894244317,7.709844601587562,608692,6
MLCF,Maple Leaf Cement Factory Limited,107.97,16.26,23.839902699061057,14.30350715958524,17036374,6
KOHC,Kohat Cement Company Limited,108.17,11.969999999999999,24.137435208870986,17.329550622820342,11575154.071000002,6
AHL,Arif Habib Limited,129.25,14.489999999999998,50.85110469050127,13.64414904570809,979261.5889999999,6
JSGCL,JS Global Capital Limited,138.5,19.82,17.02968141857431,5.46899228666078,544730.9979999999,6
MWMP,Mandviwala Mauser Plastic Industries,139.58,4.529999999999999,176.8012063067612,28.19111144889884,130172.32799999996,6
FATIMA,Fatima Fertilizer Company Limited,144.9,17.82,25.206777559050998,12.0751008499657,37428051,6
NETSOL,NetSol Technologies Limited,149.48,11.89,10.077026779224568,7.383839891545127,1030927,6
SYS,Systems Limited,150.89,20.729999999999997,21.592306209595396,17.082017878585603,7668612.27,6
PABC,Pakistan Aluminium Beverage Cans Limited,159.01,20.03,35.048295819730534,18.75683094558592,7230765.130000001,6
AIRLINK,Air Link Communication Limited,168.54,8.760000000000002,26.502133862965387,12.069600231233526,3461306.131000005,6
AKDHL,AKD Hospitality Limited,174.4,2.5600000000000005,15.321700410388688,15.686327480658083,6404.564999999996,6
BIFO,Biafo Industries Limited,182.91,8.4,12.135706758085323,8.847604594675646,389489.921,6
SEPL,Security Papers Limited,188.6,25.72,16.928873961410257,13.425625017345991,1523793,6
BWHL,Baluchistan Wheels Limited,191.33,23.67,13.64724360551681,11.849654008666962,315582,6
AGP,AGP Limited,199.44,8.740000000000002,20.04704416379851,12.838040632039016,2446682,6
PPL,Pakistan Petroleum Limited,203.44,33.730000000000004,13.242308471234557,9.838518470583114,92027450,6
PAKD,Pak Datacom Limited,204.43,12.9,10.582260725064959,7.6352834571561345,152945.186,6
MCBIM,MCB Investment Management Limited.,204.9,24.42,53.60262005991376,35.00247207012236,1758371.236000001,6
NICL,Nimir Industrial Chemicals Limited,205.4,18.15,20.59759392871131,6.072091522923728,2022683,6
MFFL,Mitchells Fruit Farms Limited,213.71,15.719999999999999,61.93614950484139,18.002048760035464,359740.02099999995,6
EFERT,Engro Fertilizers Limited,227.86,18.340000000000003,58.299955291783,14.101633603580591,24494521,6
HUBC,The Hub Power Company Limited,233.29,14.71,25.02142747844413,20.844328298106785,19079478,6
PAKOXY,Pakistan Oxygen Limited,240,14.94,12.709248371593764,6.82572850380456,1302412,6
PIOC,Pioneer Cement Limited,240.03,21.469999999999995,10.597549041703742,5.670349486945332,4876097,6
TGL,Tariq Glass Industries Limited,253.78,27.75,21.310234730712075,17.171866317456093,4777725.951999998,6
OGDC,Oil & Gas Development Company Limited,278.41,39.5,12.746487307494231,10.582738890415207,169903614,6
HCAR,Honda Atlas Cars (Pakistan) Limited,294.12,23.349999999999998,14.421317269109649,6.460604378613108,3334955,6
DLL,Dawood Lawrencepur Limited,315.03,53.81999999999999,15.590537596053727,21.047243065035424,3160938,6
FIMM,First Imrooz Modaraba,331.91,31.82,37.59667098140781,13.111386272093531,95446.08699999991,6
LCI,Lucky Core Industries Limited,332.82,25.200000000000003,23.75569199027843,12.240827643480733,11638410,6
DYNO,Dynea Pakistan Limited,337.16,45.97,17.785126052015954,13.740521282624593,867653.0680000014,6
HAFL,Hafiz Limited,341,44.07999999999999,10.148836314739123,10.063836253046794,62059.89100000001,6
CHCC,Cherat Cement Company Limited,361.45,44.68,26.064088608382757,17.172593869815397,8681356,6
NATF,National Foods Limited,364.31,13.65,37.381271224070375,12.319352116853782,3181400,6
MACTER,Macter International Limited,382.05,15.63,20.2718529433511,12.083725626712994,737534,6
AGTL,Al-Ghazi Tractors Limited,386.77,32.69,20.771188893371452,9.603414839448266,1894698,6
WAHN,Wah Noble Chemicals Limited,408.96,53.55,19.19895508446592,15.649109177450155,481933.9759999996,6
GLAXO,GlaxoSmithKline Pakistan Limited,448.9,28.500000000000004,30.99390604606616,19.486501425762373,9077255,6
FFC,Fauji Fertilizer Company Limited,463.47,52.02000000000001,59.08666750610687,19.206617659717562,77112597,6
LUCK,Lucky Cement Limited,472.14,22.589999999999993,18.81194176126028,12.405775592794443,33092162,6
PNSC,Pakistan National Shipping Corporation,484.36,33.72,41.27549731443285,5.864073546212121,6678917,6
HINO,Hinopak Motors Limited,507.71,28.17,11.898517246548646,6.198419587681061,698462,6
MTL,Millat Tractors Limited,511.07,31.79,94.06308098224633,18.276252331392033,6372928,6
APL,Attock Petroleum Limited,531.78,83.53,17.34650509313613,9.204162710187022,10392588,6
SHFA,Shifa International Hospitals Limited,543.98,36.84,16.962252291817336,11.839976338145512,2328980,6
TICL,The Thal Industries Corporation Limited,579.06,114.02,15.705382448707647,6.3936135447586455,1712870.9659999984,6
GAL,Ghandhara Automobiles Limited,591.89,41.919999999999995,25.461500823865062,10.166294994774796,2389570,6
BWCL,Bestway Cement Limited,659.95,40.02,18.610054812956275,8.662495021882735,23864368,6
POL,Pakistan Oilfields Limited,734.1,85.19,33.29016004655237,14.016760108277444,24181657,6
MARI,Mari Energies Limited,788.37,53.54,23.977707971265144,15.4253083271175,65136416,6
GHNI,Ghandhara Industries Limited,820.55,107.58,38.463487858712234,22.565863903420286,4583655,6
JDWS,JDW Sugar Mills Limited,839.97,133.70999999999998,27.24251391426976,8.213719984678272,7724267.291999989,6
HALEON,Haleon Pakistan Limited,894.61,48.489999999999995,42.99186873149394,24.071624450289757,5676262,6
MUREB,Murree Brewery Company Limited,1034.75,117.92,19.518511810339994,15.74700813936705,3262051,6
AABS,Al-Abbas Sugar Mills Limited,1040.05,57.17,11.635758110909771,7.161523535923879,992662,6
HINOON,Highnoon Laboratories Limited,1157.72,63.78,31.49702656367102,21.55804398736053,3379360.7480000006,6
COLG,Colgate-Palmolive (Pakistan) Limited,1290.17,75.78,49.43308506185345,32.37773871575465,18397273,6
ABOT,Abbott Laboratories (Pakistan) Limited,1292.91,67.79,25.106842618118876,16.626585886445906,6637265,6
ATLH,Atlas Honda Limited,1366.92,133.63,46.11340529299232,19.071894256453536,16581509,6
SFL,Sapphire Fibres Limited,1398.39,661.62,36.282930165214935,19.969341759322674,13676836.571,6
STL,Supernet Technologies Limited,1556.41,120.32000000000001,69.37030486117517,6.766335154904804,60163.478,6
PAKT,Pakistan Tobacco Company Limited,1602.81,121.52000000000001,58.638511354574995,33.370010435066824,31045903,6
SAZEW,Sazgar Engineering Works Limited,1900.27,270.26,68.9067395497294,39.14094793490046,16336201.342000008,6
INDU,Indus Motor Company Limited,2209.18,292.74,29.90106589978111,12.452840728815767,23009659,6
HPL,Hoechst Pakistan Limited,4027.55,246.26,33.46155320032618,17.068155116911225,2375089,6
NESTLE,Nestle Pakistan Limited,8401.74,334.35999999999996,54.844135603200726,16.917283005175605,15162994,6
RMPL,Rafhan Maize Products Company Limited,9898.7,826.1599999999999,26.5879814052385,13.871697585955589,7630727,6
UPFL,Unilever Pakistan Foods Limited,31964.33,982.44,49.30901974446718,17.461026117908418,4587098.779,6
SLCL,Security Leasing Corporation Limited,1,0.41000000000000003,31.743666160275513,2.7286790360170254,14752.746000000003,5
AASM,Al-Abid Silk Mills Limited,3.49,6.65,380.46732216979154,3.6298304093847467,89195.12299999996,5
FCEL,First Capital Equities Limited,5.81,0.3962,13.67590713824084,3.846304820455642,54059.28600000001,5
HICL,Habib Insurance Company Limited,12.99,2.15,12.827688030627096,4.22555699086584,267250,5
NCML,Nazir Cotton Mills Limited,13.01,0.8,11.168935088125663,,18408.43899999999,5
PAKRI,Pakistan Reinsurance Company Limited,15.86,3.5700000000000003,15.492338780344486,4.548848816123773,3208653.7480000015,5
IGIL,IGI Life Insurance Limited,21,2.0100000000000002,14.03205533687519,0.8341871247611334,342509,5
OLPM,OLP Modaraba,24.58,3.8400000000000003,13.47942517238021,1.9819277784717388,174076.8450000004,5
SNBL,Soneri Bank Limited,25.13,4.7118,15.731511886717433,0.6697027331288493,5194692,5
ASTM,Asim Textile Mills Limited,28.59,6.41,26.08183628527283,,97294.97500000008,5
SNAI,Sana Industries Limited,29.58,5.58,20.119441815898025,,111433.36500000018,5
BRRG,B.R.R Guardian Limited,31.13,8.99,19.22463499613448,,842689.3879999999,5
BOP,The Bank of Punjab,32.78,4.84,16.453966961866268,0.6563143694758193,15829700,5
FHAM,First Habib Modaraba,33.45,8.130000000000003,15.585851571644179,2.5942807819062557,901496.5649999995,5
ARCTM,Arctic Textile Mills Limited,35.03,7.78,25.470432445056172,,102519,5
ALIFE,Adamjee Life Assurance Company Limited,35.18,5.85,25.838865826687734,1.2169413719904476,1485649,5
BOK,The Bank of Khyber,35.58,4.69,23.418596284147554,1.0737672432561434,5448128,5
OML,Olympia Mills Limited,38.46,1.8920000000000001,25.239399734564916,3.122772773809409,22278.670999999988,5
SSGC,Sui Southern Gas Company Limited,42.6,8.120000000000001,54.82590728473977,0.6220674403536529,7150073,5
BIPL,BankIslami Pakistan Limited,42.88,8.2783,18.93844996899187,1.2352238627657763,9178159,5
PHDL,Pakistan Hotels Developers Limited,50.4,23.089999999999996,27.84773911534475,4.713860581781979,415625,5
SHDT,Shadab Textile Mills Limited,57.08,11.149999999999999,10.726516017162426,,185025,5
OLPL,OLP Financial Services Pakistan Limited,57.51,6.99,11.170789187628918,3.5436166923394485,1225471.0360000003,5
LIVEN,Liven Pharma Limited,69.26,11.770000000000001,14.067563745801332,,126032.24500000001,5
SCBPL,Standard Chartered Bank (Pak) Ltd,71.75,10.63,36.74596894871424,4.11179338889954,41152432,5
AICL,Adamjee Insurance Company Limited,72.08,13.549999999999999,10.799183518486902,3.9341226585305944,4755875,5
AGL,Agritech Limited,77.3,3.8100000000000005,17.22012783570002,2.7884778570201534,2362211.1040000007,5
INKL,International Knitwear Limited,77.58,3.19,17.633605035688092,4.959591382384864,30858.562999999962,5
AKBL,Askari Bank Limited,90.67,16.270000000000003,17.310467762945475,0.967516856653992,23576756,5
FABL,Faysal Bank Limited,96.44,13.02,17.917490053934397,1.21965730781956,19768062,5
BAFL,Bank Alfalah Limited,113.5,19.479999999999997,17.63225275681569,0.9417878898394483,32983951,5
EFUG,EFU General Insurance Limited,122.8,16.02,12.967462825278059,3.9081610892504495,3204182,5
HMB,Habib Metropolitan Bank Limited,123.21,23.62,20.580057339692377,1.6102163472223576,24744583,5
SNGP,Sui Northern Gas Pipelines Limited,137.43,29.92,29.561780571776737,1.1554096715378488,18976540,5
EFUL,EFU Life Assurance Limited,156.02,25.039,29.013014193372456,0.9849096423155914,2651372,5
JLICL,Jubilee Life Insurance Company Limited,172.54,26.169999999999995,15.14338990690242,1.0858993299590738,2625340,5
ABL,Allied Bank Limited,192.79,32.25,14.939078609590334,1.2172017939775168,36931995,5
WAFI,Wafi Energy Pakistan Limited,194.26,15.22,14.009164725373974,2.8080285969417242,3256766,5
BAHL,Bank AL Habib Limited,214.26,34.28,23.31186167579422,1.151515543922307,38099484,5
NBP,National Bank of Pakistan,218.86,32.89,14.341373959088028,1.0019241144221087,69979079,5
ELCM,Elahi Cotton Mills Limited,233.12,8.149999999999999,10.422122291945172,,10592.022999999901,5
BAFS,Baba Farid Sugar Mills Limited,240.15,33.20000000000001,10.39469127703718,4.877636222824104,321501.81500000047,5
SHEZ,Shezan International Limited,280.57,16.869999999999997,11.537391976258657,3.7841702391546854,163050,5
HBL,Habib Bank Limited,304.42,40.59,13.217564875524094,0.8709610703523114,59533815,5
MCB,MCB Bank Limited,370.61,44.709999999999994,18.39421045818366,1.7423141988059467,52983992,5
UBL,United Bank Limited,397.51,81.91,26.939294033533006,1.1995931102557496,114872553,5
GADT,Gadoon Textile Mills Limited,398.33,85.33,10.00340179498008,,2391904,5
ARPL,Archroma Pakistan Limited,467.7,19.54,14.395311158805143,4.308893220058254,675353,5
MEBL,Meezan Bank Limited,484.37,53.279999999999994,36.15530995778815,2.3786300794387545,95608568,5
SPCL,Saudi Pak Consultancy Company Limited,0.9,0.9799999999999999,-10.633916859635292,6.367116652261943,44248.37299999999,4
PASL,Pervez Ahmed Consultancy Services Ltd.,3.55,0.045000000000000005,-1.5183563334797332,8.890925273891243,8431.587000000001,4
MDTL,Media Times Limited,4.97,0.34,-6.117503186626309,34.61034950817075,62711.185,4
LSEVL,LSE Ventures Limited,6.66,1.41,9.68457110490593,7.9946706230357645,250999,4
PASM,Paramount Spinning Mills Limited,6.73,1.88,-4.3887727731462105,103.51886028167765,32803.97,4
SIBL,Security Investment Bank Limited,10.5,0.972,7.694497400578576,6.4532076644647915,60379.713,4
PKGI,The Pakistan General Insurance Co. Ltd.,10.56,1.08,9.358729863524191,6.832047600997029,53340.501999999986,4
FIBLM,First IBL Modaraba,11.68,0.8,7.574295421759439,6.7783904049824555,17429.51500000001,4
BFMOD,B.F. Modaraba,16.4,1.96,8.366574944489853,8.096573865074163,14697.196000000005,4
SINDM,Sindh Modaraba,20.91,4.470000000000001,9.218183811382955,8.779557027409899,180113.78800000003,4
SLGL,Secure Logistics-Trax Group Limited,24.9,2.78,9.701223082380107,9.614066256765003,695247.4579999999,4
UVIC,The Universal Insurance Company Limited,28.29,1.19,7.131124197032941,5.788677879422977,49578,4
EPQL,Engro Powergen Qadirpur Limited,30.27,3.0500000000000003,8.105494565174718,5.347964556611185,991005,4
STYLERS,Stylers International Limited,44.74,2.61,9.675652956741443,6.992197856180471,1273281,4
PREMA,At-Tahur Limited,46.71,1.6400000000000001,9.572284888701928,6.625749985133904,528149,4
AVN,Avanceon Limited,49.44,1.54,7.471717607388424,5.441917631862997,608908,4
IBLHL,IBL HealthCare Limited,58.1,2.4299999999999997,9.260328325216086,5.966997111731821,208371,4
GWLC,Gharibwal Cement Limited,64.39,5.51,8.711233374922942,5.845219285598921,2204744,4
GEMBLUEX,Blue-Ex Limited (GEM),64.99,3.29,8.850289226181248,7.321515389573986,90583.46100000013,4
KTML,Kohinoor Textile Mills Limited,68.9,10.21,8.597911374428389,5.039583260521755,2749816,4
TOMCL,The Organic Meat Company Limited,72.88,2.76,6.904368430594836,6.267211492879847,429788.3660000004,4
BFBIO,BF Biosciences Limited,161.38,5.5,9.859568873478217,6.375193604080814,447146.7899999999,4
PPP,Pakistan Paper Products Limited,163.23,15.3,6.992522867016736,5.45428025807945,122421.54200000013,4
FIL,Fateh Industries Limited,199.27,56.440000000000005,-120.95756315031248,172.65723520209306,112879.855,4
DGKC,D.G. Khan Cement Company Limited,257.38,19.8,9.91458746705008,6.103084519093912,8675059,4
IGIHL,IGI Holdings Limited,285.65,10.46,9.473428017665936,7.950677179208923,1490786,4
SSOM,S.S.Oil Mills Limited,492.42,33.22,9.774139250224989,6.061830896738626,187956.44599999947,4
THALL,Thal Limited,580.46,31.45,7.730359873341451,5.6399354596764875,2557725,4
ATRL,Attock Refinery Limited,704.88,112.29999999999998,8.537497470124038,5.664501864342948,11972065,4
ISIL,Ismail Industries Limited,2185.08,86.64,,5.630981304605605,5749491.164999993,4
TRIBL,Trust Investment Bank Limited,0.97,0.43,3.9281648612512576,1.3802774426565274,60439.278,3
KASBM,KASB Modaraba,1.19,0,14.284942696167867,9.16206581617356,0,3
PMI,First Prudential Modaraba,4.7,0.15,2.54028170981192,1.8470490718161265,18682.43499999998,3
WASL,Wasl Mobility Modaraba,6.12,0.23,4.1217160163639095,2.996916331330151,30313.05199999998,3
FDPL,First Dawood Properties Limited,6.67,0.043,0.9537348227834591,0.7119103594608364,6372.487000000005,3
KEL,K-Electric Limited,7.22,0.009999999999999953,0.1035070271125798,0.025774636305494553,264103,3
LSECL,LSE Capital Limited.,7.44,0.6799999999999999,4.040322919135044,3.5919422449793283,122251,3
FANM,First Al-Noor Modaraba,8.1,0.10000000000000003,-1.29240016728625,0.8774316200158003,2413.0699999999943,3
PINL,Premier Insurance Limited,8.4,2.62,9.735480181628816,3.453743927481457,108617,3
TELE,Telecard Limited,9.02,0.27,3.0607235300691387,1.8412162523186912,94763,3
GUSM,Gulistan Spinning Mills Limited,9.33,0.31999999999999895,-0.29174900431638473,,5221.4649999999765,3
AGSML,Abdullah Shah Ghazi Sugar Mills Limited,9.54,0.33000000000000096,-3.31026115119956,0.810155964011448,27191.77099999998,3
WAVESAPP,Waves Home Appliances Limited,10.29,0.85,2.8382231765717325,1.226829695700088,230332,3
NEXT,Next Capital Limited,10.99,0.5,6.798210816633681,2.801101393366302,28735.86199999993,3
BRR,B.R.R. Guardian Modaraba,11.5,0,25.120575762687302,20.575632264560458,0,3
FPRM,First Paramount Modaraba,11.7,1.73,9.011744808900806,4.864735179076261,23898.201000000005,3
ANL,Azgard Nine Limited,12.19,0.85,4.964555760743794,2.5427822040605257,701802.711000001,3
TSBL,Trust Securities & Brokerage Limited,12.26,0.6400000000000001,5.113596000250631,2.230181015583803,19168.18600000008,3
WAVES,Waves Corporation Limited,12.26,0.29000000000000004,0.9585389298152192,0.7695756830581757,82100,3
SBL,Samba Bank Limited,12.33,0.224,1.2589210207873711,0.1179586457228105,221930,3
GEMPAPL,Pak Agro Packaging Limited(GEM),12.4,1.6,7.149123420100513,4.596384872624406,31934.609000000084,3
GGGL,Ghani Global Glass Limited,12.67,1.1099999999999999,9.574876608758233,4.774674894367998,269214.51300000004,3
UDLI,UDL International Limited,12.87,0.48000000000000004,3.0695907030398697,2.9743291961803133,16899.870000000003,3
FCIBL,First Credit and Investment Bank Limited,13.16,0.87,6.426895349864548,1.3677187495656575,56265.45100000007,3
PACE,Pace (Pakistan) Limited,13.19,1.1,-33.87238136074265,4.093760897561329,304929,3
TBL,Treet Battery Limited.,13.47,0.049999999999999975,1.9980862341318562,0.3244596646217452,40426,3
DSIL,D.S. Industries Limited,13.63,0.010000000000000009,0.6099726306774061,,1152.7519999999977,3
ALAC,Askari Life Assurance Company Limited,13.92,0.6100000000000001,-46.53466358114563,2.778180185691852,91093,3
KOIL,Kohinoor Industries Limited,14.62,1.4600000000000002,4.122878950398228,4.006426879525024,44265.53199999996,3
GUTM,Gulistan Textile Mills Limited,15,37.1,-7.948375699195738,,701339.116,3
AAL,Agro Allianz Limited,16,0.23,0.994591502021285,,5342.561000000001,3
DNCC,Dandot Cement Company Limited,16.64,1.0499999999999998,2.306078187073049,0.37265735380972775,50658.9340000003,3
ZTL,Zephyr Textiles Limited,17,0.029999999999999916,0.0703603795847521,0.030407621232687903,1819.0839999994787,3
PGLC,Pak-Gulf Leasing Company Limited,17.83,1.4900000000000002,8.505796586862303,4.76123123314299,73604.31,3
FTMM,First Treet Manufacturing Modaraba,18.6,0.135,3.403069463605817,2.715796370876845,117463,3
POWER,Power Cement Limited,18.99,0.43999999999999995,3.4637557828536623,1.7093033686298171,814996,3
HGFA,HBL Growth Fund,19,1.6099999999999999,3.8522388901197115,3.724786168169394,455735,3
IML,Imperial  Limited,19.66,0.8400000000000001,0.8038698809573459,0.6518834577361499,83846,3
ACIETF,Alfalah Consumer Index (ETF),20.1,11.36,6.8047,,4980189,3
RPL,Roshan Packages Limited,22.12,0.98,1.7911038319851742,1.1492717970093274,137508.31000000023,3
JSBL,JS Bank Limited,22.46,0.81,3.60923187748736,0.24983422371784159,1642166,3
MCBAH,MCB-Arif Habib Savings and Invest,24,0,23.502953983517084,15.29715121649478,0,3
ASHT,Ashfaq Textile Mills Limited,24.23,0.13,0.6055607618358448,0.47451795261971585,5994.048999999999,3
FCL,Fast Cables Limited,24.28,2.03,8.851409434870925,3.8209081145816155,1273701,3
LSEFSL,LSE Financial Services Limited.,24.7,0.010000000000000009,0.09643568344035978,0.08239153374420774,431,3
IPAK,International Packaging Films Limited,24.88,1.22,5.3665890598254595,3.0062610965820395,850995,3
GGL,Ghani Global Holdings Limited,26.21,0.40850000000000003,3.6908286753216295,3.6657708872484047,146019,3
FECM,First Elite Capital Modaraba,26.26,0.4099999999999999,3.7702187395954767,2.1713545462139594,4695.434000000009,3
UNITY,Unity Foods Limited,26.43,1.03,6.6235166903876985,1.4990951689757026,1229616,3
HAEL,Hala Enterprises Limited,26.89,1.0700000000000003,4.901307387968417,2.384254548559939,13857.87500000004,3
GRYL,Grays Leasing Limited,27.05,0.258,7.241911712241214,1.8524116660481427,5545.721000000005,3
LOTCHEM,Lotte Chemical Pakistan Limited,27.2,0.81,5.258373059858105,2.8962408801102106,1217597,3
GAMON,Gammon Pakistan Limited,27.3,1.28,4.302978162421582,3.3062707698145406,36130.26999999998,3
TREET,Treet Corporation Limited,28.29,2.8200000000000003,5.396431125255403,3.491104939955897,1045520,3
PTC,Pakistan Telecommunication Company Ltd,30.1,0.09,0.32959393225355543,0.08993673688746891,424015,3
HUSI,Husein Industries Limited,30.17,2.66,-57.038853303904446,3.5555981018352294,28296.10299999999,3
JSCL,Jahangir Siddiqui & Co. Ltd.,30.89,0.42000000000000004,1.239532765301465,1.1933245627539084,416416,3
MACFL,MACPAC Films Limited,31.07,1.44,3.814648645460962,1.7350791852592033,85283.8339999996,3
KAPCO,Kot Addu Power Company Limited,35.21,2.879999999999999,4.441593794257724,3.8864884512185713,2536065,3
NRSL,Nimir Resins Limited,35.3,1.77,7.320729114946293,3.6818815360386425,249472,3
BIPLS,BIPL Securities Limited,37,0,14.173243001786778,6.287739551438475,0,3
GATM,Gul Ahmed Textile Mills Limited,38.21,5.440000000000001,8.579088185974541,2.8336416010353216,4022774,3
MFL,Matco Foods Limited,41.95,3.38,4.024455957892265,1.449652500195647,413897.31399999955,3
TRSM,Trust Modaraba,44.45,0.617,5.273070780347233,4.575072332528117,18390.09799999999,3
MUGHALC,Mughal Iron & Steel Industries Ltd(C),45,3.17,3.866273470342881,1.5238334825672029,1061404.750999994,3
NCL,Nishat Chunian Limited,45.91,3.29,3.5956553776022235,1.030858328036365,789206.1200000127,3
FLYNG,Flying Cement Company Limited,49.98,0.09000000000000002,0.597763327988361,0.28569252037922344,75090.83199999967,3
AATM,Ali Asghar Textile Mills Limited,50.49,1.5,2.568749472361493,,66719.74900000001,3
OCTOPUS,Octopus Digital Limited,52.74,0.29,1.7809664298850811,1.5586954132470658,48148,3
PRWM,Prosperity Weaving Mills Limited,52.9,4.930000000000001,3.7900364382338374,1.310893949325436,91122.53999999916,3
PSYL,Pakistan Synthetics Limited,56.96,2.12,8.068578038611706,3.0028905064392832,367452,3
PTL,Panther Tyres Ltd.,57.08,2.5700000000000003,5.567754333797127,1.8087513747061361,431632.2409999999,3
GEMSPNL,Supernet Limited,57.38,1.28,7.981539978225046,3.7886628182301756,159008,3
SANSM,Sanghar Sugar Mills Limited,57.44,7.770000000000003,4.687742217603624,1.5540904186800208,92836,3
AKGL,Al-Khair Gadoon Limited,58,1.71,5.055678803755487,2.4090704580140376,17145.370999999952,3
SZTM,Shahzad Textile Mills Limited,59.85,3.8199999999999985,2.0232428473089903,,68584.0219999995,3
PAEL,Pak Elektron Limited,59.93,3.75,7.199216678031552,4.506809428397777,3321344,3
CCM,Crescent Cotton Mills Limited,60.45,0.5800000000000001,0.10518957953671196,,6489,3
EMCO,Emco Industries Limited,60.6,1.5899999999999999,1.6833151899658214,0.9147249895761042,55740.374000000345,3
KOHTM,Kohat Textile Mills Limited,61,13.500000000000004,6.815239731056716,,280766,3
JSML,Jauharabad Sugar Mills Limited,64.31,2.3799999999999994,0.8541505637814364,0.4829176827885994,81056.8299999996,3
CASH,Calcorp Limited,65.99,1.34,4.820337949089949,4.513801338633186,14347.617999999999,3
NAGC,Nagina Cotton Mills Limited,69.78,2.7,1.0548529339218626,,50416.69199999986,3
MRNS,Mehran Sugar Mills Limited,70,2.0299999999999994,3.6881236638448742,1.7001083166168236,145882.13699999917,3
ILP,Interloop Limited,74.28,3.84,9.736152676143208,3.0423248658085855,5376599,3
FML,Feroze1888 Mills Limited,75.96,0.25,0.2933479139794413,0.11814188324411219,99023,3
HABSM,Habib Sugar Mills Limited,80.06,8.17,7.114468571599462,4.863541142759076,1103831,3
ZAHID,Zahidjee Textile Mills Limited,85.01,5.47,6.140808683476273,3.4825692899880347,1046925.784000007,3
JVDC,Javedan Corporation Limited,86.73,4.11,6.165569989419987,3.7848540200049454,1564934,3
AHTM,Ahmad Hassan Textile Mills Limited,88.03,7.630000000000001,2.715497159369123,1.5586371194594073,64671.30599999928,3
MUGHAL,Mughal Iron & Steel Industries Limited,88.11,2.8299999999999996,3.5169969775932293,1.3861714112191152,965518.1739999928,3
FFBL,Fauji Fertilizer Bin Qasim Limited,88.94,0,50.8073389248305,15.93262133399107,0,3
PKGP,Pakgen Power Limited,93.71,0.16999999999999993,0.25558528215898924,0.24275392072989413,65018,3
STJT,Shahtaj Textile Limited,97.24,11.47,6.046765547335174,2.6643680771335077,110983,3
NSRM,The National Silk & Rayon Mills Limited,100.25,6.2,6.4554466240700785,4.4613760508790765,96614.63399999983,3
LPGL,Leiner Pak Gelatine Limited,107.53,3.8199999999999976,3.202445332706325,1.4230817167434506,28602,3
CPPL,Cherat Packaging Limited,112.04,7.26,4.054217139498097,2.4077849264966655,356431,3
BERG,Berger Paints Pakistan Limited,118.09,12.16,8.325803036438828,3.9708797980261528,298523,3
REWM,Reliance Weaving Mills Limited,119.33,8.34,2.500752682522913,0.7241282667373796,256992.85799999692,3
FSWL,Fateh Sports Wear Limited,120,3.5099999999999993,1.245797144282158,1.1740504327251438,7028.469000000001,3
BNL,Bunnys Limited,121.66,2.22,7.497965462154628,3.5461693470244366,148172.26200000042,3
ISL,International Steels Limited,123.34,3.19,6.2095674093616635,3.1143164892991804,1559261,3
GOC,GOC (Pak) Limited.,123.99,3.51,3.719953076176008,3.385981208861904,25831.842999999943,3
ELSM,Ellcot Spinning Mills Limited,125.04,7,1.7865272446811882,,76617.62500000064,3
KML,Kohinoor Mills Limited,134.34,0.4599999999999995,2.3000635952304505,0.9224093324169821,233512.5179999977,3
SURC,Suraj Cotton Mills Limited,134.94,22.54,8.49316948841523,4.844640662037331,1118683,3
AGIL,Agriauto Industries Limited,143.03,2.75,2.30164730275307,1.394773548526564,98975,3
NML,Nishat Mills Limited,162.18,17.1,4.554663131710883,2.5410239756781148,6013519,3
TATM,Tata Textile Mills Limited,168.03,19.88,4.6983736715388345,,1113151,3
IDYM,Indus Dyeing & Manufacturing Co. Limited,170,1.1199999999999974,0.2476803324358112,,60381,3
SUTM,Sunrays Textile Mills Limited,170.94,9.819999999999999,2.3590432154707885,,203167.006000001,3
TOWL,Towellers Limited,178.28,16.87,3.2305954286335736,2.3903687250305254,286709.0330000003,3
JKSM,J.K. Spinning Mills Limited,209.89,5.02,3.6955225048439546,,513861,3
KSBP,KSB Pumps Company Limited,215.04,20.67,9.183781431040153,4.796030239662728,379002,3
TSML,Tandlianwala Sugar Mills Limited,223.86,2.9599999999999995,2.486550697122495,0.7325257643893023,348115.03099999944,3
INIL,International Industries Limited,227.27,8.12,5.617476335311946,3.6910406422772493,1104324,3
ATBA,Atlas Battery Limited,254.08,2.4500000000000006,1.1543008003725959,0.4823403818509073,91205,3
ENGROH,Engro Holdings Limited,255.41,11.809999999999999,3.40823454656376,3.407702012275364,5683745,3
FZCM,Fazal Cloth Mills Limited,274.66,3.9000000000000004,0.24988249276866017,,117137.45900000766,3
DAWH,Dawood Hercules Corporation Limited,275.28,0,27.426366204804953,23.602550407632894,0,3
IBFL,Ibrahim Fibres Limited,304.96,8.55,4.556875794640754,3.0105462447862936,2656141.487999992,3
ACPL,Attock Cement Pakistan Limited,307.49,12.600000000000001,7.69343722083035,3.4332252172149484,1731091,3
OTSU,Otsuka Pakistan Limited,318.5,2.289999999999999,3.764871357486622,1.1920066601116421,27677,3
MEHT,Mehmood Textile Mills Limited,320.3,20.55,3.4096868059804777,1.0550409993459549,612332.7290000021,3
ZIL,ZIL Limited,374.95,12.77,5.617562703676064,2.298829965533276,78209,3
FEROZ,Ferozsons Laboratories Limited,404.54,12.15,5.724652721866815,3.4725820908370113,528242.8369999984,3
PRET,Premium Textile Mills Limited,430.13,30.979999999999997,2.1582838459204905,,190915.24899999952,3
KHTC,Khyber Tobacco Company Limited,444.56,39.67,8.797999276262123,1.7078735907563865,274648.05399999977,3
PSO,Pakistan State Oil Company Limited,483.54,44.54,8.460394602416542,2.1648837376372034,20911446,3
ENGRO,Engro Corporation Limited,485.38,0,28.063430875159113,23.564046484508165,0,3
SHSML,Shahmurad Sugar Mills Limited,510,19.91,3.439137079098738,1.8197518109069284,420431,3
ICI,ICI Pakistan Limited,596.48,0,24.579327490078672,10.641314216073143,0,3
RCML,Reliance Cotton Spinning Mills Limited,608.32,66.43,7.5757868437062665,,707612.4429999999,3
EXIDE,Exide Pakistan Limited,667.6,51.93,5.7894627332779915,2.5261670619023664,403461,3
PKGS,Packages Limited,693.63,27.94,4.8202445131594365,3.5667698901838234,2497391,3
SITC,Sitara Chemical Industries Limited,873.64,43.83,4.978737902128919,1.977087040570085,939274.5529999997,3
BHAT,Bhanero Textile Mills Limited,904.98,66.37,1.8392301209262645,0.7565348847410819,201447.7930000017,3
PSEL,Pakistan Services Limited,948.01,21.049999999999994,1.4610542298684885,1.093468155735236,685044,3
HCL,Hallmark Company Limited,950.05,0,99.5419668127011,6.153443760391857,0,3
SAPT,Sapphire Textile Mills Limited,1425.39,182.16,9.538313296695375,4.331143412363516,3950966.682000002,3
BATA,Bata Pakistan Limited,1470.49,35.21999999999999,4.902372237917373,1.8061248744145422,266330,3
SIEM,Siemens (Pakistan) Engineering,1562.86,33.94,3.958617322954687,1.0415088533244954,244083,3
GIL,Good Luck Industries Ltd.,1751.02,11.35,0.3371422222001692,0.3138798964386819,3404.890000000125,3
DCTL,Dadabhoy Construction Technology Limited,0.08,-4.55,61.67714406230566,-16.231238538181785,-10555.712,2
ZELP,Zeal Pak Cement Factory Limited,0.44,-0.64,14.548453005494,-4.357152996801646,-274710,2
SILK,Silkbank Limited,1.15,0,34.124808136365544,-4.4574517936480085,0,2
SLL,SME Leasing Limited,1.7,-2.17,29.538463577710022,-503.42014785320026,-69349.604,2
WTL,Worldcall Telecom Limited,1.82,-0.22000000000000003,248.2077540414273,-7.478125765787469,-1101340,2
SMBL,Summit Bank Limited,2.17,0,32.09188132509013,-2.415949371444435,0,2
DATM,Data Textiles Limited,2.35,0,10.955905151352834,,0,2
HIRAT,Hira Textile Mills Limited,5.22,-2.8099999999999996,33.83093866386454,,-215416.01300000004,2
PIL,PICIC Insurance Limited,5.82,-0.43,51.20190693614449,-14.273547469302187,-15251,2
SHCI,Shaffi Chemical Industries Limited,6.49,-1.97,31.60692873319018,-46.48946419202363,-23739.710999999996,2
DWSM,Dewan Sugar Mills Limited,6.85,-9.900000000000002,64.46156150518964,-10.87634085035027,-906562.261,2
FNEL,First National Equities Limited,7.35,0.05600000000000001,-4.795770379403251,-2.907260054304347,-53642.86599999999,2
GAIL,Ghani Automobile Industries Limited,7.4,0,333.6724964322707,-8.205831505338528,0,2
BML,Bank Makramah Limited,8.27,-0.41000000000000003,14.120969514166474,-1.2293558285869877,-3065716,2
KHSM,Khurshid Spinning Mills Limited,8.65,0,230.27498232977686,,0,2
HMIM,Haji Mohammad Ismail Mills Limited,8.75,-0.5599999999999999,602.5015668658828,,-6671.536,2
META,MetaTech Trading Limited,9.67,0,135.20869185623815,-84.46042058150599,0,2
KSTM,Khalid Siraj Textile Mills Limited,10.01,-1,15.009623518894402,,-10804.536999999997,2
AMBL,Apna Microfinance Bank Limited,11.35,-5.587,25.086454579128077,-13.033672530897086,-2447010.5020000003,2
ARUJ,Aruj Industries Limited,11.41,-26.86,275.90284615990487,-29.025342490654094,-280684.935,2
HASCOL,Hascol Petroleum Limited,15.69,-12.77,13.958802790063507,-21.969951746176307,-12757475,2
BGL,Baluchistan Glass Limited,16.1,-1.85,382.82269488324175,-18.269980530533363,-713459,2
TPLRF1,TPL REIT Fund I,16.23,0.4099999999999999,,,0,2
ORIXM,Orix Modaraba,16.5,0,13.411720624911286,2.2571021492977086,0,2
PPVC,Pakistan PVC Limited,17.14,-0.48,22.047441010496346,-2.732294079325041,-7178.017999999995,2
ANSM,Ansari Sugar Mills Limited,17.29,-13.899999999999999,49.91800319378036,-5.358974621245657,-779930.6919999999,2
BPBL,Balochistan Particle Board Limited,17.31,0,16.4786,,0,2
RAVT,Ravi Textile Mills Limited,22.06,0,1904.885,,0,2
PIAA,Pakistan International Airlines Corp,22.17,0,16.594616011166615,-68.3497253071078,0,2
DKL,Drekkar Kingsway Limited,28.93,0,163.37866386187247,-9077.938070602559,0,2
UBDL,United Brands Limited,30.88,-0.77,39.03226878836905,-7.267076164161422,-70447,2
DFML,Dewan Farooque Motors Limited,33.6,-3.4300000000000006,12.374621170862786,-11.55413685477098,-457847,2
HAL,Habib-ADM Limited,39.51,0,20.6658,,0,2
BILF,Bilal Fibres Limited,43.48,-0.77,935.8320367021786,,-10747.927999999953,2
LMSM,Landmark Spinning Industries Limited,58.1,0,15.170033644331529,,0,2
SHEL,Shell Pakistan Limited,189.13,0,16.01156809256028,3.1073435346603904,0,2
AYTM,Ayesha Textile Mills Limited,200,0,170.712,,0,2
PECO,Pakistan Engineering Company Limited,518.02,-20.080000000000002,13.978505147387157,-0.7372239849911131,-114261,2
SPLC,Saudi Pak Leasing Company Limited,0.9,0,-18.67255856282731,11.185266028312794,0,1
HMM,Habib Metro Mod,5.8,0,8.283318893294888,7.577781864813223,0,1
GTECH,G3 Technologies Limited,8.58,0,5.21135887314366,5.11693847184838,0,1
AWWAL,Awwal Modaraba,10,0,5.426587546761966,5.29168866004865,0,1
FTSM,First Tri-Star Modaraba,15.53,-0.19,0.4479189340914057,0.3259946327880301,1835.153999999996,1
TPLI,TPL Insurance Limited,17.11,-0.15000000000000002,1.4284054753145572,0.44920284474049166,38005.180999999815,1
GEMUNSL,Universal Network Systems Limited(GEM),20,0,9.063608093882147,7.517837308179794,0,1
AEL,AEL Textile Limited,33.68,0,7.176628939783265,7.124538277733141,0,1
ANLNVR,Azgard Nine (N0n-Voting) (R),0.01,0,,,0,0
ESBLR,Escorts Investment Bank (R),0.01,0,,,0,0
JSBLR1,JS Bank Limited Right (R),0.01,0,,,0,0
MODAMR1,MODARABA AL-MALI (R),0.01,0,,,0,0
BOPR2,,0.02,0,,,0,0
CSILR2,,0.02,0,,,0,0
OBOYR1,Oilboy Energy(R),0.04,0,,,0,0
POWERR1,Power Cement (R),0.04,0,,,0,0
TPLR,,0.04,0,,,0,0
ALACR4,Askari Life (R),0.05,0,,,0,0
ANLR,Azgard Nine (R),0.05,0,,,0,0
MODAMR,Modaraba Al-Mali(R,0.06,0,,,0,0
CLVLR,Cordoba Logist(R),0.08,0,,,0,0
BIPLR2,Bank Islami(R),0.1,0,,,0,0
PICL,Pakistan Industrial & Commercial Leasing,0.1,0,,,0,0
GAILR1,,0.12,0,,,0,0
MOHE,Mohib Exports Limited,0.15,0,,,0,0
SEARLR2,The Searle Company Limited (Right),0.15,0,,,0,0
INMF,Investec Mutual Fund Limited,0.17,0,,,0,0
AMBLR2,,0.2,0,,,0,0
AYZT,Ayaz Textile Mills Limited,0.2,0,,,0,0
FIM,First Investec Modaraba,0.2,0,,,0,0
POWERR,,0.21,0,,,0,0
UVICR,,0.21,0,,,0,0
AMBLR3,,0.25,0,,,0,0
AZTM,Al-Azhar Textile Mills Limited,0.26,0,,,0,0
JVDCR1,,0.27,0,,,0,0
PDGH,Prudential Discourt & Guarantee House Lt,0.3,0,,,0,0
GTECHBR,G3 Technologies Ltd.CLASS B,0.31,0,,,0,0
PSYLR,Pak Synthhetics(R),0.31,0,,,0,0
SUCM,Sunshine Cotton Mills Limited,0.33,0,,,0,0
DOMF,Dominion Stock Fund Limited,0.34,0,,,0,0
HSMPSR,Husein Sugar(R),0.36,0,,,0,0
MERITR2,Merit Pack(R),0.37,0,,,0,0
TAJT,Taj Textile Mills Limited,0.41,0,,,0,0
ITSL,Investec Securities Limited,0.42,0,,,0,0
COST,(Colony) Sarhad Textile Mills Limited,0.5,0,,,0,0
HKKT,Hakkim Textile Mills Limited,0.5,0,,,0,0
PRLR1,Pak Refinery (R),0.51,0,,,0,0
USMT,Usman Textile Mills Limited,0.51,0,,,0,0
PIBTLR3,,0.53,0,,,0,0
OLPLR,,0.54,0,,,0,0
ANSMR,,0.55,0,,,0,0
KAKL,Kaiser Arts & Krafts Limited,0.55,0,,,0,0
AMSL,Al-Mal Securities & Services Limited,0.62,0,,,0,0
FNBM,First National Bank Modaraba,0.64,-0.16,1.5462204429981818,-0.08045986097068757,-335.40000000000714,0
OBOYR2,Oilboy Energy Limited(R),0.64,0,,,0,0
ENGL,English Leasing Limited,0.65,0,,,0,0
SCHT,Schon Textiles Limited,0.65,0,,,0,0
HAJT,Hajra Textile Mills Limited,0.72,0,,,0,0
DNCCR,Dandot Cement (R),0.73,0,,,0,0
FFLR1,Fauji Foods Ltd(R),0.74,0,,,0,0
TCORPR1,Tariq Corporation (Pvt) Ltd (R),0.79,0,,,0,0
ALACR3,,0.81,0,,,0,0
SDOT,Sadoon Textile Industries Limited,0.85,0,,,0,0
DSFL,Dewan Salman Fibre Limited,0.88,-0.19999999999999996,0.2515750263727973,-0.933696600583969,-44548,0
GENP,Genertech Pakistan Limited,0.89,0,,,0,0
DKTM,Dewan Khalid Textile Mills Limited,0.94,-4.88,-139.57956435281233,,-46863.15200000001,0
SDIL,Saleem Denim Industries Limited,0.95,0,,,0,0
UNITYR1,Unity Foods(R),0.95,0,,,0,0
IMAGER2,Image Pakistan Limited Right 2 (R),0.96,0,,,0,0
MERITR1,,0.97,0,,,0,0
HATM,Hamid Textile Mills Limited,0.97,-2.63,-10.070077847385466,-4.476400924762352,-34806.95399999999,0
NINA,Nina Industries Limited,1.01,0,,,0,0
FLYNGR,Flying Cement(R),1.03,0,,,0,0
MUKT,Mukhtar Textile Mills Limited,1.09,0,,,0,0
PRIC,Progressive Insurance Company Limited,1.13,-1.64,-36.989050463937,-19.228693501783212,-26905.016,0
FCONM,First Constellation Modaraba,1.19,0,,,0,0
STPLR,,1.24,0,,,0,0
SHDTR,Shadab Tex.(R),1.29,0,,,0,0
PAKMI,First Pak Modaraba,1.3,0,2.505163684555424,1.3432744178896263,0,0
AQTM,Al-Qaim Textile Mills Limited,1.31,0,,,0,0
IGILR,IGI Life Ins(R),1.34,0,,,0,0
PKGIR,Pakistan General Insurance Company Ltd.,1.36,0,,,0,0
NIB,NIB Bank Limited,1.43,0,2.0974278630957475,0.17188926276149022,0,0
HSMR3,Husien Sugar(R),1.45,0,,,0,0
TREI,Transmission Engineering Industries Limited,1.46,0,,,0,0
MDTM,Mehr Dastgir Textile Mills Limited,1.5,0,,,0,0
PAELR3,Pak Elektron(R),1.69,0,,,0,0
STYLERSR,Stylers International Limited (R),1.72,0,,,0,0
SFAT,Safa Textiles Limited,1.89,0,,,0,0
JPGL,Japan Power Generation Limited,1.9,0,5.129759129992948,-2.875413642118644,0,0
JOVC,Javed Omer Vohra & Company Limited,1.9,0,,,0,0
ICCT,ICC Textiles Limited,1.9,0,-6.0228,,0,0
UNITYR3,Unity Foods Ltd(R),1.97,0,,,0,0
DCM,Dawood Capital Management Limited,2.15,0,,,0,0
INL,,2.15,0,,,0,0
SERFR,Service Fab(R),2.17,0,,,0,0
JSCLR1,Jahangi Sidd(R),2.19,0,,,0,0
SEPCO,Southern Electric Power Company Limited,2.21,0,,,0,0
BEEM,Beema-Pakistan Company Limited,2.3,0,,,0,0
PUDF,Prudential Stocks Fund Limited,2.33,0,,,0,0
ABSON,Abson Industries Limited,2.5,0,,,0,0
ASCR,AL-Shaheer(R),2.57,0,,,0,0
BRRR,BRR Guardian(R),2.79,0,,,0,0
FDIBL,First Dawood Investment Bank Limited,2.92,0,2.6527599510486746,1.4359842440838786,0,0
KSBPR,KSB Pumps Company Limited (R),3.02,0,,,0,0
IGIBL,IGI Investment Bank Limited,3.09,0,-17.6896,,0,0
MFTM,Mohammad Farooq Textile Mills Limited,3.49,0,,,0,0
CSM,Cresent Standard Modaraba,3.5,0,-3.6425,,0,0
BIIC,Business & Industrial Insurance Company,3.6,0,,,0,0
UNITYR,,3.76,0,,,0,0
REGAL,Regal Ceramics Limited,3.8,0,,,0,0
TOMCLR,The Organice Meat Company Limited(R),3.81,0,,,0,0
MUBT,Mubarak Textile Mills Limited,3.85,-0.21000000000000002,-0.5522789915885431,-0.4414652461854597,-1206.2139999999995,0
UNITYR2,Un ity Food(R),3.86,0,,,0,0
FCSC,First Capital Securities Corporation,3.86,-0.38,-7.936017720399148,-2.4123138895364318,-125081.71999999994,0
GGLR1,Ghani Global(R),3.94,0,,,0,0
PRIB,Prudential Investment Bank Limited,4,0,,,0,0
AMBLR4,Apna MicroBank(R),4.06,0,,,0,0
AMTEX,Amtex Limited,4.12,-0.13999999999999999,0.40249527674601554,,-34766.894000000124,0
BROT,Brothers Textile Mills Limited,4.2,0,,,0,0
ARMR4,,4.25,0,,,0,0
CLCPS,Chenab Limited (Pref),4.3,0,,,0,0
SLSOPP,,4.4,0,,,0,0
LSEPL,LSE Proptech Limited,4.65,0,0.8102106547702402,0.7861726784611981,0,0
PGIC,Pakistan Guarantee Insurance Company Limited,4.75,0,-11.307995719271492,-9.504842752705498,0,0
TCLTC,Treet Corporation (Ptc),5.02,0,,,0,0
COTT,,5.05,0,,,0,0
MZSM,Mirza Sugar Mills Limited,5.06,0,,,0,0
HSMCPS,Husein Sugar(Pref),5.2,0,,,0,0
LOADSR,Loads Limited(R),5.36,0,,,0,0
PNGRS,Pangrio Sugar Mills Limited,5.42,0,,,0,0
ASLR,,5.44,0,,,0,0
GSPM,Gulshan Spinning Mills Limited,5.5,-1.7,1.2701907583017598,,-37700.698,0
HSMR2,Husein Sugar (R),5.5,0,,,0,0
FFLNVR,,5.61,0,,,0,0
TREETR2,Treet Corporation Limited (R),5.62,0,,,0,0
ASCR1,AL-Shaheer (R),5.68,0,,,0,0
GGGLR1,Ghani Global(R),5.68,0,,,0,0
WAVESR1,Waves Singer Pakistan Limited (R),5.72,0,,,0,0
MODAM,Modaraba Al-Mali,5.73,0,-0.1999047917333957,-0.16375555487525945,0,0
UCAPM,Unicap Modaraba,5.75,-0.044,-1.8633883496303767,-1.5748453329340713,-965.376,0
EPCLR1,,5.81,0,,,0,0
CRTMR2,Crescent Tex(R),5.98,0,,,0,0
CSIL,Crescent Star Insurance Limited,6,-0.12,-0.9916554500012907,-0.8350196101845299,-12748.609000000004,0
MUGHALR2,Mughal Iron @Steel Industries Limited(R),6.01,0,,,0,0
DFSM,Dewan Farooque Spinning Mills Limited,6.04,-2.18,-22.743116782854944,,-213301.57600000006,0
HMICL,Hallmark Insurance Company Limited,6.2,0,,,0,0
SSIC,Silver Star Insurance Company Limited,6.34,0,,,0,0
BYCO,Byco Petroleum Pakistan Limited,6.39,0,8.757129138486306,1.8747365924226131,0,0
ESBL,Escorts Investment Bank Limited,6.54,-0.32,-12.931849891583544,-9.934007991682867,-68402.859,0
GASF,Golden Arrow Selected Stocks,6.69,0,-32.6013,,0,0
CTM,Colony Textile Mills Limited,6.7,-8.08,-72.53789591680032,,-4026287,0
FPJM,First Punjab Modaraba,6.82,-6.26,-146.88566135350126,-11.448827266756556,-213048.44500000004,0
YOUW,Yousaf Weaving Mills Limited,6.89,-0.35,-6.634026450254975,-1.7072637427995176,-32403.102,0
DWTM,Dewan Textile Mills Limited,7,-2.74,4.460884512435883,,-126360.24799999996,0
ANLNV,Azgard Nine Non-Voting Ordinary Shares,7,0,,,0,0
FDMF,First Dawood Mutual Fund,7,0,,,0,0
SLCPA,Security Leasing Corp.9.10%(Pref),7,0,,,0,0
SLSO,Saleem Sugar Mills Limited,7,0,,,0,0
DBSL,Dadabhoy Sack Limited,7,-0.59,-8.250619134225454,-5.571082844732447,-2366.808,0
DBCI,Dadabhoy Cement Industries Limited,7.16,-0.03,-1.6433538752567742,-1.575098743195805,-3944,0
FFLM,First Fidelity Leasing Modaraba,7.19,-0.498,-4.356279113727309,-3.945858705696005,-13392.347000000002,0
MLCFR,,7.26,0,,,0,0
KOSM,Kohinoor Spinning Mills Limited,7.32,-1.2200000000000002,-116.94297276396432,,-531245.219,0
FFLR,,7.4,0,,,0,0
HIFA,HBL Investment Fund,7.48,-0.7300000000000002,-3.4984646297835242,-3.389255299042699,-197439,0
TPLT,TPL Trakker Limited,7.51,-0.3799999999999999,-1.3926278247259027,-0.5508938146172467,-34033.13600000006,0
FUDLM,First UDL Modaraba,8,0,0.7338169276372492,0.6837234532447563,0,0
ISTM,Ishaq Textile Mills Limited,8,0,-0.8875,,0,0
WHALE,Waves Home Appliances Limited,8.01,0,-2.217318121401765,-1.0590302978122152,0,0
SANE,Salman Noman Enterprises Limited,8.07,-5.2,4.872505164701046,,-23220.199,0
TPL,TPL Corp Limited,8.24,-4.360000000000001,-55.828829117991575,-14.5285174643684,-1165311.595,0
STPL,Siddiqsons Tin Plate Limited,8.25,-9.120000000000001,-208.36273998337447,-46.578398039696715,-2059305.013,0
CNERGY,Cnergyico PK  Limited,8.52,-0.2,-1.6243286151942764,-0.7730985548790392,-2895421,0
IMAGER1,Image Pak Ltd(R),8.56,0,,,0,0
FRSMR,Faran Sugar Mills Limited(R),8.58,0,,,0,0
MIRKSR,Mirpurkhas Sugar Mills Limited(R),8.67,0,,,0,0
GLOT,Globe Textile Mills Limited,8.7,-0.27,-12.334049468407427,,-4478,0
ICLR1,,8.77,0,,,0,0
HSPI,Huffaz Seamless Pipe Industries Limited,8.81,-2.87,-2.8518657045267437,-2.0703523430006863,-159207,0
TCORPCPS,Tariq Corporation Limited(Pref),8.83,0,,,0,0
ADTM,Adil Textile Mills Limited,8.9,0,,,0,0
FFBLR,Fauji Fert.Bin(R),8.9,0,,,0,0
QUICE,Quice Food Industries Limited,9.09,-0.11900000000000001,-2.581125978942449,-0.8947466998676601,-11730.558999999905,0
SPELR,Synthetic Prod(R),9.12,0,,,0,0
SKRSR,,9.24,0,,,0,0
GCILB,Ghani Chemical Industries Limited (B),9.3,0,,,0,0
MACFLR,,9.68,0,,,0,0
NATMR,,9.71,0,,,0,0
AGHA,Agha Steel Ind.Ltd,9.74,-11.55,-31.398257386696564,-12.337221648161893,-7211418,0
MSOTPS,Masood Textile (Pref),9.76,0,,,0,0
ANLPS,Azgard Nine 8.95%(Pref),9.8,0,,,0,0
AZMT,Azmat Textile Mills Limited,9.95,0,,,0,0
DSL,Dost Steels Limited,9.96,-0.49,-111.90349793180717,-7.6273903276703585,-197525.87300000002,0
MOIL,Morafco Industries Limited,10,0,0.0469,,0,0
NAFL,National Fibres Limited,10,0,,,0,0
SMBLCPSA,Summit Bank,10,0,,,0,0
SMBLCPSB,Summit Bank B,10,0,,,0,0
SURAJ,Suraj Ghee Industries Limited,10,0,,,0,0
SNAIR,Sana Ind(R),10.01,0,,,0,0
OBOY,Oilboy Energy Limited,10.06,-5.279999999999999,-291.94958352888756,-132.64846610329323,-134687.47199999998,0
FEM,First Equity Modaraba,10.1,-0.246,-2.1616480061152417,-1.988349563517056,-13028.901999999998,0
HASCOLR1,Hascol Petre(R),10.18,0,,,0,0
DINTR,Din Textile(R),10.37,0,,,0,0
SPWL,Saif Power Limited,10.7,-1.2500000000000002,-4.396651571401511,-2.4256322577777185,-481210.58100000035,0
ITTEFAQ,Ittefaq Iron Industries Limited,10.74,-6.260000000000001,-21.77606685651025,-14.521955729575595,-903647.19,0
QUSW,Quality Steel Works Limited,11,0,,,0,0
MLCFR1,Maple Leaf (R),11.17,0,,,0,0
OLSM,Olympia Spinning and Weaving Mills Limited,11.2,0,3.1423,,0,0
SMTM,Samin Textiles Limited,11.28,0,3.8529920852735313,-2.9793107646215673,0,0
ANNT,Annoor Textile Mills Limited,11.38,0,,,0,0
TPLP,TPL Properties Limited,11.83,-6.17,-41.165941730616446,-26.851526812380282,-3464403.4920000006,0
EPCLPS,Engro Poly(Pref),12.2,0,,,0,0
GEMBCEM,Burj Clean Energy Modaraba(GEM),12.5,0,,,0,0
CJPL,Crescent Jute Products Limited,12.51,-0.31000000000000005,3.672290684512066,-187.16076423384976,-7410.228999999999,0
JSMFETF,JS Momentum Factor Exchange Traded Fund,12.54,0,,,0,0
NMFL,Nirala MSR Foods Limited,12.76,0,,,0,0
RUBY,Ruby Textile Mills Limited,12.76,-0.65,-4.946162150698564,,-33890.433000000005,0
HSM,Husein Sugar Mills Limited,12.81,0,0.9096928089728327,0.29896960559250385,0,0
SERF,Service Fabrics Limited,12.87,0,-5.6463,,0,0
SGPL,S.G. Power Limited,12.87,-0.326,-109.37980849573347,-32.96948037845651,-5799.114000000001,0
TSPL,Tri-Star Power Limited,13.05,-0.7,-5.941961048520987,-4.811476907148781,-10548.144,0
DMTM,Dewan Mushtaq Textile Mills Limited,13.05,-1.52,-7.425269469675368,,-17480.94800000001,0
MERIT,Merit Packaging Limited,13.1,-3,-22.58155901403958,-10.926088053697242,-599667.526,0
MACTERR,Macter Inter(R),13.21,0,,,0,0
ICCI,ICC Industries Limited,13.47,-0.49,-10.782413192490049,-1.2121405202230582,-14922.724000000002,0
PIF,PICIC Investment Fund,13.64,0,-3.4985,,0,0
DOLCPS,Descon Oxychem Limited (12%Non-Voting Pref),13.8,0,,,0,0
IMSL,Imperial Sugar Limited,13.87,0,1.9054,,0,0
ASC,Al Shaheer Corporation Limited,14,-0.8,-93.24356462015562,-7.347170374906609,-392078,0
FAEL,Fatima Enterprises Limited,14.3,-40.61,,,-577934,0
ASL,Aisha Steel Mills Limited,14.74,-1.5499999999999998,-6.55726906425086,-3.48807425818103,-1351854,0
SLYT,Sally Textile Mills Limited,14.81,-3.33,2.1607305300768624,,-29196.611999999994,0
MSCL,Metropolitan Steel Corporation Limited,14.97,-1.4816500000000001,-6.315759007277298,-5.720848056537102,-50189,0
GFIL,Ghazi Fabrics International Limited,15,-11.55,-8.199471058577561,-7.828396111230275,-376844.5619999999,0
PELPS,Pak Elektron (Pref),15.01,0,,,0,0
GATIR,Gatron Industries Limited(R),15.04,0,,,0,0
EXTR,Extraction (Pakistan) Limited,15.1,0,,,0,0
JSCLPSA,Jahangir Sidd(Pref),15.23,0,,,0,0
DCL,Dewan Cement Limited,15.32,-2,-3.632365039949796,-1.995186604354078,-967787,0
PIBTL,Pakistan International Bulk Terminal,15.68,-0.14,-1.417581873418562,-0.804867374048967,-257930,0
QUET,Quetta Textile Mills Limited,15.77,-78.41,-40.34651500752078,-6.87758530994963,-1019297.0819999999,0
TRPOL,Tri-Star Polyester Limited,15.95,0,3.7524063245989216,2.5606035330939605,0,0
SSML,Saritow Spinning Mills Limited,15.99,-20.049999999999997,-529.656758336137,,-598204.9359999999,0
KACM,Karim Cotton Mills Limited,16,0,,,0,0
HADC,Haydari Construction Company Limited,16.51,-0.0022000000000000023,-3.5282165039929043,-0.7035491962919603,-39.763000000000034,0
SEL,Sitara Energy Limited,17.04,-2.6400000000000006,-4.786732427737739,-1.5304243814459448,-50263.754000000015,0
HACC,Hashimi Can Company Limited,17.35,0,-35.70467350631337,-21.28333451015535,0,0
PIBTLR2,,17.56,0,,,0,0
MIIETF,Mahaana Islamic Index ETF,17.72,0,,,0,0
ISHT,Ishtiaq Textile Mills Limited,18,0,,,0,0
STCL,Shabbir Tiles & Ceramics Limited,18.26,-0.8,-7.253579484856207,-2.4191460696793037,-192131,0
CLVL,Cordoba Logistics & Ventures Limited,18.41,-0.40700000000000003,-6.476246544684591,-3.791851049527026,-33513.016,0
HWQS,Haseeb Waqas Sugar Mills Limited,18.52,-7.74,-66.5509294968997,-4.25254930958732,-250925.87199999992,0
KTMLR,,18.64,0,,,0,0
CPAL,Capital Assets Leasing Corporation,18.81,0,6.522,,0,0
JVDCPS,Javedan Corporation (Pref),19,0,,,0,0
GCWL,Ghani Chemworld Limited,19.16,0,,,0,0
MEBLR,,20.4,0,,,0,0
EWLA,East West Life Assurance Company Limited,20.55,0,-4.9437,,0,0
LPCL,Lafarge Pakistan Cement Limited,21.2,0,,,0,0
MZNPETF,Meezan Pakistan ETF,21.25,0,,,0,0
PIAHCLA,PIA Holding Company Limited,21.3,0,,,0,0
PAKCEM,Pakcem Limited,21.33,0,,,0,0
MOON,Moonlite (Pak) Limited,22,0,,,0,0
IDRT,Idrees Textile Mills Limited,22.1,-16.490000000000002,-14.065381820036713,,-327547.91599999956,0
GATMR2,,22.27,0,,,0,0
SKRS,Sakrand Sugar Mills Limited,22.46,-1.1600000000000001,-6.369655844986615,-1.2618798887563953,-52774,0
CHBL,Chenab Limited,22.9,-4.109999999999999,9.033255637321162,-4.449543037854122,-473435.64100000024,0
HSMR1,,23.27,0,,,0,0
ASLPS,Aisha Steel Convertible (Pref),23.44,0,,,0,0
SPL,Sitara Peroxide Limited,23.55,-3.0700000000000003,-13.977695667848373,-5.526817211464354,-169350.22099999996,0
TDIL,TPL Direct Insurance Limited,23.99,0,7.869461348024127,3.6247429039192722,0,0
POWERPS,Power Cement (Pref),24.26,0,,,0,0
SERT,Service Industries Textiles Limited,24.39,-6.75,-10.968450088639873,,-93073.262,0
NCPL,Nishat Chunian Power Limited,24.57,-9.19,-14.033497871958343,-11.966368744522004,-3375920,0
IDSM,Ideal Spinning Mills Limited,24.7,-42.7,-124.75413457431925,,-423559,0
ASTL,Amreli Steels Limited,24.88,-12.830000000000002,-33.52886329209757,-8.449886985370181,-3811359,0
SJTM,Sajjad Textile Mills Limited,25,0,,,0,0
SMLR1,,25.04,0,,,0,0
JATM,J.A. Textile Mills Limited,25.09,-5.647399999999999,-18.258963965416694,,-71040.94499999995,0
CRTM,The Crescent Textile Mills Limited,25.21,-2.87,-2.5544163530423427,-1.192076276690463,-287431,0
EWICR3,East West Insurance Company Limited(R),26.01,0,,,0,0
MUGHALR1,Mughal Iron (R),26.3,0,,,0,0
GEMPACRA,The Pakistan Credit Rating Agency Ltd,27.01,0,,,0,0
CEPB,Century Paper & Board Mills Limited,27.36,-0.86,-2.5118638740843715,-1.1322591640404807,-345422,0
HUBCR,Hub Power(R),27.75,0,,,0,0
ARM,Allied Rental Modaraba,27.9,0,4.5221957473593175,2.9082292761279813,0,0
SAIF,Saif Textile Mills Limited,27.9,-14.700000000000001,-10.269496906491279,,-388321,0
GEMMEL,Mughal Energy Limited(GEM),28,-0.12,-0.6194686647818777,-0.293927373124362,-21280.023,0
DWAE,Dewan Automotive Engineering Limited,28.24,-2.4299999999999997,3.3297008314155856,-26.056444007464336,-51943,0
LPL,Lalpir Power Limited,28.28,-8.639999999999999,-23.21143170490199,-22.306237452778397,-3281343,0
FFLNV,,28.49,0,,,0,0
APOT,Apollo Textile Mills Limited,29.52,-7.470000000000001,-26.935498945694974,,-61895.274000000005,0
HRPL,Habib Rice Product Limited.,30.32,-3.7600000000000002,-17.957818544128262,-11.112250931170662,-155711.97899999988,0
PGF,PICIC Growth Fund,31,0,-2.1334,,0,0
CWSM,Chakwal Spinning Mills Limited,31.1,-0.95,-9.12328783050139,,-114910.12899999999,0
EPCL,Engro Polymer & Chemicals Limited,31.24,-1.049999999999999,-3.712285826468522,-0.9544577756440819,-949534,0
SING,Singer Pakistan ,31.32,0,5.591,,0,0
PAKOXYR,Pakistan Oxygen Limited(Right),32.11,0,,,0,0
MQTM,Maqbool Textile Mills Limited,32.34,-57.31,-53.34688817645261,,-1056326.7889999994,0
NBPGETF,NBP Pakistan  Growth ETF,32.36,0,,,0,0
ANTM,AN Textile Mills Limited,32.51,-10.66,-13.29664740720087,-4.938726791659105,-103007,0
KOHP,Kohinoor Power Company Limited,32.56,-1.308,-14.889041832812348,-14.456385221556154,-16672.754999999997,0
BPL,Burshane LPG (Pakistan) Limited,33.45,-4.8,-26.333166461128954,-7.2539442182298135,-107833,0
GVGLR3,Ghani Value(R),33.52,0,,,0,0
GHNL,Ghandhara Nissan Limited,33.9,0,0.8448790688489558,0.3790125553673443,0,0
STML,Shams Textile Mills Limited,34,-15.4,-16.669967594207055,-4.947978137780169,-137194,0
GHGLR3,Ghani Glass Ltd(R),34.07,0,,,0,0
RUPL,Rupali Polyester Limited,34.31,-44.09,-27.34281458042687,-12.227086688815973,-1526382,0
DMTX,D.M. Textile Mills Limited,34.96,0,-3.652155994770106,,0,0
AGLNCPS,Agritech Non-Voting (Pref) Class A,35.42,0,,,0,0
NITGETF,NIT Pakistan Gateway ETF,35.48,0,,,0,0
MTIL,Mian Textile Industries Limited,36.6,0,,,0,0
MIRKS,Mirpurkhas Sugar Mills Limited,36.8,-20.02,-40.458048952171296,-7.41974873551966,-1136891,0
NPL,Nishat Power Limited,36.92,-2.1099999999999994,-2.7337349375096984,-2.279582481413728,-746782,0
PRL,Pakistan Refinery Limited,37.5,-7.4,-17.514760062161557,-4.316866801754137,-4659666,0
TPLL,TPL Life Insurance Limited,37.51,-2.018,-141.92555828910577,,-388822.098,0
PAKL,Pak Leather Crafts Limited,38.18,-0.07999999999999996,0.08440166312715443,-0.2964882909977131,-277,0
UBLPETF,UBLPakistan Enterprise ETF,38.47,0,,,0,0
BECO,Beco Steel Limited,38.62,-0.010000000000000009,-0.042737846719029735,,-1404.957999999926,0
NORS,Noor Silk Mills Limited,39,0,,,0,0
GOEM,Globe Textile Mills (OE) Limited,40,0,,,0,0
GTYR,Ghandhara Tyre & Rubber Company Limited,40.12,-3.0000000000000004,-6.278133111301093,-1.8341902110117652,-366077,0
SRSM,Sargodha Spinning Mills Limited,40.33,0,-8.8962,,0,0
GHGLR2,,40.41,0,,,0,0
FRCL,Frontier Ceramics Limited,42.66,-0.7000000000000002,-1.4319930904372928,-0.6145178316559828,-26593.83199999979,0
DHPL,DH Partners Limited,43.72,0,,,0,0
PCALR,,43.73,0,,,0,0
SICL,Standard Insurance Company Limited,44,0,,,0,0
SWL,Standard Worldwide Limited,44,0,,,0,0
JSGBETF,JS Global Banking Sector(ETF),44.44,0,,,0,0
BAPL,Bawany Air Products Limited,47.06,-2.51,-0.8242500387683813,-1.6153694440838609,-18697.193,0
GEMNETS,Nets International Communication Limited,48,0,,,0,0
SAZEWR,Sazgar Engg.(R),48.44,0,,,0,0
LEUL,Leather Up Limited,48.92,-0.5599999999999999,-17.997277187573953,-12.91465802510419,-3354.214999999999,0
DMIL,D.M. Industries Limited,49.68,0,1.4655,,0,0
DSML,Dar-es-Salaam Textile Mills Limited,51.25,0,-307.6077270565858,,0,0
HTL,Hi-Tech Lubricants Limited,51.72,-2.29,-8.729490533390669,-3.6092650900852288,-318780.90100000217,0
ADMM,Artistic Denim Mills Limited,51.75,-5.370000000000001,-5.7886297252634025,-1.9452667729500808,-451099,0
EFOODS,Engro Foods Limited,52.26,0,-1.6362,,0,0
SHCM,Shadman Cotton Mills Limited,52.73,-4.66,-9.970499359022766,,-81929.22670000004,0
FRSM,Faran Sugar Mills Limited,53.02,-20.52,-31.631038553598927,-5.96464056338141,-565080.4040000024,0
DIIL,Diamond Industries Limited,53.28,-17.08,-87.01621801864755,-31.40856463181978,-153761.36499999996,0
MSOT,Masood Textile Mills Limited,53.93,-40.22,-16.000206989692938,-4.801200950243105,-2659104,0
SLSOPVI,,55.9,0,,,0,0
CPPLR3,,56.56,0,,,0,0
ARPAK,Arpak International Investments Ltd.,60.46,-35.29859999999999,-47.43230289106563,-43.14445938990181,-141164.87699999998,0
EWICR1,East West (R),64.23,0,,,0,0
MUGHALR,,64.53,0,,,0,0
GLAT,Glamour Textile Mills Limited,65,0,-6.3781,,0,0
UBDLR,,66.32,0,,,0,0
EWICR2,East West Ins(R),67.07,0,,,0,0
SEARLR1,Searl Company(R),67.12,0,,,0,0
SML,Shakarganj Limited,67.48,-21.15,-55.79391409768437,-15.61721389591878,-2644872,0
CHAS,Chashma Sugar Mills Limited,68.13,-91.81,-20.80296850523978,-6.813465541990355,-2634127,0
CLOUD,Chakwal Spinning Mills Limited,69.83,0,-10.524777763264675,,0,0
BNWM,Bannu Woollen Mills Limited,70.05,-10.349999999999998,-3.2435583606527123,-2.5557453701215254,-98425,0
CFL,Crescent Fibres Limited,70.06,-62.47,-22.35368400889105,,-775711.6990000004,0
GHGLR1,,70.56,0,,,0,0
DADX,Dadex Eternit Limited,70.58,-37.150000000000006,-161.49070047925858,-14.764917600778423,-407047,0
ADAMS,Adam Sugar Mills Limited,71.07,-11.850000000000001,-3.8760670193405504,-1.8978624724293631,-204829.78699999937,0
EFGH,EFG Hermes Pakistan Limited,73.18,0,0.3041583952809992,0.14555657168706693,0,0
FTHM,Fateh Textile Mills Limited,74,0,,,0,0
GHNLR,,76.75,0,,,0,0
NATM,Nadeem Textile Mills Limited,80,-17.09,-54.2238971578809,,-1112023.883000002,0
SHELR,Shell Pakistan(R),83.19,0,,,0,0
ALQT,Al-Qadir Textile Mills Limited,85,0,,,0,0
JDMT,Janana De Malucho Textile Mills Limited,89,-109.13999999999999,-14.292230638418896,,-754804,0
DINT,Din Textile Mills Limited,89.09,-13.469999999999999,-8.626740706880788,,-706496.048999999,0
NONS,Noon Sugar Mills Limited,89.93,-39.129999999999995,-38.75427441921273,-6.06118787160264,-646219,0
PCML,Punjab Cotton Mill,94.43,0,,,0,0
ALNRS,Al-Noor Sugar Mills Limited,97.23,-5.030000000000001,-1.458614190500558,-0.4976371486368166,-103014,0
BCL,Bolan Castings Limited,98.11,-1.67,-5.9576057530136834,-2.4028647321760688,-19145.480999999832,0
ASRL,Associated Services Limited,99,0,,,0,0
CECL,Climax Engineering Company Limited,100,0,0,,0,0
HASCOLR,,100.96,0,,,0,0
SUHJ,Suhail Jute Mills Limited,102.22,-12.639999999999999,-7.121565889161986,-3.305702294120211,-54775.369,0
DAAG,Data Agro Limited,102.59,-14.68,-25.650261064123008,-10.589847227033514,-58693.47499999999,0
UBLGSFO,,105.6448,0,,,0,0
HBLTETF,HBL Total Treasury (ETF),105.9,0,,,0,0
SEARL,The Searle Company Limited,115.88,-6.880000000000001,-10.80695516354219,-6.7286153050200745,-3173326,0
GSKCH,GlaxoSmithKline Consumer Healthcare,124.11,0,6.3753520894746725,2.920050758833052,0,0
GATI,Gatron (Industries) Limited,124.7,-9.559999999999999,-8.933569615687082,-3.03696814447472,-1024318,0
SGFL,S.G.Fiber Limited,126,0,,,0,0
SGABL,SG.Allied Businesses Limited,126,-0.46,-0.699660556471167,-0.42904822547301397,-6526.32600000001,0
BELA,Bela Automotives Limited,126.16,-4.949999999999999,-33.582338193024846,-11.898456416771284,-28649.626000000004,0
KPUS,Khairpur Sugar Mills Limited,130.04,-0.6599999999999993,-0.25150561387888615,-0.10340446369837313,-10480,0
DMC,D.M. Corporation Limited.,133.73,-7.78,-3.652155994770106,,-23755.12600000001,0
TRIPF,Tri-Pack Films Limited,134.75,-24.39,-20.08932239261049,-2.9277793360339475,-946278,0
ASLCPS,Aisha Steel Convt (Pref) Right,141.02,0,,,0,0
IFSL,Invest & Finance Securities Limited,152.5,0,9.104,,0,0
SHJS,Shahtaj Sugar Mills Limited,154.22,-0.5299999999999977,-0.1977211119295054,-0.06727889296572398,-6558,0
SFLL,SFL Limited,160,0,-0.6973,,0,0
JOPP,Johnson & Phillips (Pakistan) Limited,160.06,0,-6.041314254489742,-3.007486502949307,0,0
HINOR,Hinopak Motors(R),164.84,0,,,0,0
BUXL,Buxly Paints Limited,165.64,-2.8200000000000003,-2.161825328348193,-0.6887359684257234,-4059,0
KCL,Karam Ceramics Limited,180.17,-30.629999999999992,-48.862730078382604,-24.686308350054414,-445751.67899999995,0
THAS,Taha Spinning Mills Limited,189.49,0,,,0,0
SASML,Sindh Abadgars Sugar Mills Limited,192.55,-3.580000000000002,-1.253244604658287,-0.3539968051714819,-37343.19600000061,0
POML,Punjab Oil Mills Limited,203.62,-4.8100000000000005,-1.420450442247333,-0.8159817045432076,-37347.174999999814,0
GLPL,Gillette Pakistan Limited,233.31,-0.8099999999999999,-2.2583048180650462,-1.022764894136936,-25950,0
MFFLR,Mitchell Fruit(R),237.19,0,,,0,0
PCAL,Pakistan Cables Limited,239.6,-5.15,-2.9593077649069324,-0.7471963792579557,-280601,0
LINDE,Linde Pakistan Limited,240,0,0,,0,0
AKZO,Akzo Nobel Pakistan Limited,270,0,7.5049,,0,0
SFLR,Sapphire Tex.(R),295.25,0,,,0,0
GLPLR,Gillette Pak(R),299.33,0,,,0,0
IGIIL,IGI Insurance Limited,299.56,0,-11.783514729273852,-4.289187398534051,0,0
PGCL,Pakistan Gum & Chemicals Limited,300,0,0,,0,0
FASM,Faisal Spinning Mills Limited,304.73,-26.93,-2.210906499748851,-0.7740237816771104,-269267.0850000047,0
BTL,Blessed Textiles Limited,313.95,-15.059999999999999,-1.2170230346771802,-0.41848764546840017,-96881.59799999913,0
PMRS,The Premier Sugar Mills,317.13,-182.86,-44.451549351562164,-13.348850823355999,-686820,0
SAPTR,Sapphire Tex.(R),365.58,0,,,0,0
SALT,Salfi Textile Mills Limited,376,0,-2.4486,,0,0
NRL,National Refinery Limited,390.17,-185.91000000000003,-29.546882555007286,-9.944720721953454,-14866922,0
SCL,Shield Corporation Limited,394.24,-3.2499999999999982,-1.0681667798474328,-0.4840440899780064,-12657.522000000128,0
AKDCL,AKD Capital Limited,394.78,0,-8.7052,,0,0
PSMC,Pak Suzuki Motor Company Limited,609,0,-102.56272075979003,-11.959482926399737,0,0
PIAB,Pakistan International Airlines Corporat,828.42,0,,,0,0
SAPL,Sanofi-Aventis Pakistan Limited,870,0,-1.985564016956297,-0.8774046621461503,0,0
PMPK,Philip Morris (Pakistan) Limited,1311.72,-32.11000000000001,-13.921997552284223,-6.359242282608965,-1978086,0
SRVI,Service Industries Limited,1359.95,-5.339999999999998,-3.0926599671793915,-1.1686623945487484,-250857,0
AWTX,Allawasaya Tex. & Finishing Mills Ltd,1409.56,-358.64,-20.263919778813445,,-286912.2679999999,0
KHYT,Khyber Textile Mills Limited,1981.04,-5.16,-0.46570751705378116,-0.44789120208073185,-5825.773000000001,0
UPFLR,,2102.06,0,,,0,0
ILTM,Island Textile Mills Limited,2400,0,9.7179,,0,0
PIAHCLB,PIA Holding Company LimitedB,25026.03,0,,,0,0
